{
  "plate_type": "07",
  "runs": [
    {
      "baseline": {
        "all": {
          "mean_abs": 5.493748259117137,
          "mean_signed": 5.493748259117137,
          "n": 30,
          "pass_rate": 13.333333333333334,
          "std_signed": 2.9670026738202018
        },
        "bw": {
          "mean_abs": 4.3415082894169155,
          "mean_signed": 4.3415082894169155,
          "n": 15,
          "pass_rate": 26.666666666666668,
          "std_signed": 3.5150501736131106
        },
        "db": {
          "mean_abs": 6.645988228817358,
          "mean_signed": 6.645988228817358,
          "n": 15,
          "pass_rate": 0.0,
          "std_signed": 1.7419661422767956
        }
      },
      "baseline_csv": "C:\\Users\\caleb\\Documents\\Axioforce\\AxioforceFluxLite\\temp_testing\\07.00000051\\temp-processed-07.00000051-20251124-131850.csv",
      "coef_key": "scalar:x=0.001500,y=0.001500,z=0.001500",
      "coefs": {
        "x": 0.0014999999999999998,
        "y": 0.0014999999999999998,
        "z": 0.0014999999999999998
      },
      "device_id": "07.00000051",
      "device_type": "07",
      "mode": "scalar",
      "plate_type": "07",
      "raw_csv": "C:\\Users\\caleb\\Documents\\Axioforce\\AxioforceFluxLite\\temp_testing\\07.00000051\\temp-raw-07.00000051-20251124-131850.csv",
      "recorded_at_ms": 1767735290834,
      "selected": {
        "all": {
          "mean_abs": 3.082531790438788,
          "mean_signed": 2.606486919205538,
          "n": 30,
          "pass_rate": 50.0,
          "std_signed": 2.870333669171043
        },
        "bw": {
          "mean_abs": 2.446065505632635,
          "mean_signed": 1.493975763166135,
          "n": 15,
          "pass_rate": 53.333333333333336,
          "std_signed": 3.4035161204773425
        },
        "db": {
          "mean_abs": 3.7189980752449414,
          "mean_signed": 3.7189980752449414,
          "n": 15,
          "pass_rate": 46.666666666666664,
          "std_signed": 1.682266877856831
        }
      },
      "selected_csv": "C:\\Users\\caleb\\Documents\\Axioforce\\AxioforceFluxLite\\temp_testing\\07.00000051\\temp-scalar-0.0015_0.0015_0.0015-07.00000051-20251124-131850.csv",
      "temp_f": 58.023913513513584
    },
    {
      "baseline": {
        "all": {
          "mean_abs": 11.010859584456245,
          "mean_signed": 11.010859584456245,
          "n": 29,
          "pass_rate": 0.0,
          "std_signed": 4.196573060593341
        },
        "bw": {
          "mean_abs": 10.646816630714621,
          "mean_signed": 10.646816630714621,
          "n": 14,
          "pass_rate": 0.0,
          "std_signed": 3.872228035768366
        },
        "db": {
          "mean_abs": 11.35063300794843,
          "mean_signed": 11.35063300794843,
          "n": 15,
          "pass_rate": 0.0,
          "std_signed": 4.587275036821357
        }
      },
      "baseline_csv": "C:\\Users\\caleb\\Documents\\Axioforce\\AxioforceFluxLite\\temp_testing\\07.00000051\\temp-processed-07.00000051-20251126-185405.csv",
      "coef_key": "scalar:x=0.001500,y=0.001500,z=0.001500",
      "coefs": {
        "x": 0.0014999999999999998,
        "y": 0.0014999999999999998,
        "z": 0.0014999999999999998
      },
      "device_id": "07.00000051",
      "device_type": "07",
      "mode": "scalar",
      "plate_type": "07",
      "raw_csv": "C:\\Users\\caleb\\Documents\\Axioforce\\AxioforceFluxLite\\temp_testing\\07.00000051\\temp-raw-07.00000051-20251126-185405.csv",
      "recorded_at_ms": 1767735298161,
      "selected": {
        "all": {
          "mean_abs": 5.645156733241568,
          "mean_signed": 5.509513850848254,
          "n": 29,
          "pass_rate": 24.137931034482758,
          "std_signed": 3.992300598516557
        },
        "bw": {
          "mean_abs": 5.076422094284005,
          "mean_signed": 5.072243927940064,
          "n": 14,
          "pass_rate": 21.428571428571427,
          "std_signed": 3.6656602224671007
        },
        "db": {
          "mean_abs": 6.17597572960196,
          "mean_signed": 5.917632445562565,
          "n": 15,
          "pass_rate": 26.666666666666668,
          "std_signed": 4.3623377502135465
        }
      },
      "selected_csv": "C:\\Users\\caleb\\Documents\\Axioforce\\AxioforceFluxLite\\temp_testing\\07.00000051\\temp-scalar-0.0015_0.0015_0.0015-07.00000051-20251126-185405.csv",
      "temp_f": 43.61972
    },
    {
      "baseline": {
        "all": {
          "mean_abs": 2.706416497847424,
          "mean_signed": 0.3199521939505982,
          "n": 28,
          "pass_rate": 35.714285714285715,
          "std_signed": 3.0531500151874713
        },
        "bw": {
          "mean_abs": 2.227366683637037,
          "mean_signed": -2.227366683637037,
          "n": 15,
          "pass_rate": 33.333333333333336,
          "std_signed": 1.2078564331385657
        },
        "db": {
          "mean_abs": 3.259166283474793,
          "mean_signed": 3.259166283474793,
          "n": 13,
          "pass_rate": 38.46153846153846,
          "std_signed": 1.3423393800239762
        }
      },
      "baseline_csv": "C:\\Users\\caleb\\Documents\\Axioforce\\AxioforceFluxLite\\temp_testing\\07.00000051\\temp-processed-07.00000051-20251229-173403.csv",
      "coef_key": "scalar:x=0.001500,y=0.001500,z=0.001500",
      "coefs": {
        "x": 0.0014999999999999998,
        "y": 0.0014999999999999998,
        "z": 0.0014999999999999998
      },
      "device_id": "07.00000051",
      "device_type": "07",
      "mode": "scalar",
      "plate_type": "07",
      "raw_csv": "C:\\Users\\caleb\\Documents\\Axioforce\\AxioforceFluxLite\\temp_testing\\07.00000051\\temp-raw-07.00000051-20251229-173403.csv",
      "recorded_at_ms": 1767735305969,
      "selected": {
        "all": {
          "mean_abs": 2.7171928248347177,
          "mean_signed": -0.046658855970215594,
          "n": 28,
          "pass_rate": 39.285714285714285,
          "std_signed": 3.028645771635401
        },
        "bw": {
          "mean_abs": 2.563320998592564,
          "mean_signed": -2.563320998592564,
          "n": 15,
          "pass_rate": 26.666666666666668,
          "std_signed": 1.2192514390804605
        },
        "db": {
          "mean_abs": 2.8947372397295106,
          "mean_signed": 2.8571820778248016,
          "n": 13,
          "pass_rate": 53.84615384615385,
          "std_signed": 1.3609772950470997
        }
      },
      "selected_csv": "C:\\Users\\caleb\\Documents\\Axioforce\\AxioforceFluxLite\\temp_testing\\07.00000051\\temp-scalar-0.0015_0.0015_0.0015-07.00000051-20251229-173403.csv",
      "temp_f": 72.9464
    },
    {
      "baseline": {
        "all": {
          "mean_abs": 2.326515140194332,
          "mean_signed": -0.5291411852634089,
          "n": 30,
          "pass_rate": 46.666666666666664,
          "std_signed": 2.5986791510209257
        },
        "bw": {
          "mean_abs": 2.4797752868636698,
          "mean_signed": -2.4797752868636698,
          "n": 15,
          "pass_rate": 20.0,
          "std_signed": 1.137160152653404
        },
        "db": {
          "mean_abs": 2.1732549935249934,
          "mean_signed": 1.421492916336852,
          "n": 15,
          "pass_rate": 73.33333333333333,
          "std_signed": 2.1311934892355606
        }
      },
      "baseline_csv": "C:\\Users\\caleb\\Documents\\Axioforce\\AxioforceFluxLite\\temp_testing\\07.00000051\\temp-processed-07.00000051-20260105-124804.csv",
      "coef_key": "scalar:x=0.001500,y=0.001500,z=0.001500",
      "coefs": {
        "x": 0.0014999999999999998,
        "y": 0.0014999999999999998,
        "z": 0.0014999999999999998
      },
      "device_id": "07.00000051",
      "device_type": "07",
      "mode": "scalar",
      "plate_type": "07",
      "raw_csv": "C:\\Users\\caleb\\Documents\\Axioforce\\AxioforceFluxLite\\temp_testing\\07.00000051\\temp-raw-07.00000051-20260105-124804.csv",
      "recorded_at_ms": 1767735314417,